Impresora;Precio;Comentarios
Impresora Térmica Epson Pos Tmt20 Usb Y Serial Tmt-20ii;649.900;
Maquina Ricoh Multifuncional Im 430f Incluye  Toner;579.900;
Combo X5 Cartuchos Color Rotuladora Dymo D1 Labelmanager 160;16.108;
Impresora Termica Epson Tm-t88v Puerto Usb Y Serial;3.940.000;
Impresora Multifucional Hp Lj M428fdw W1a30a;328.333;
Impresora Termica Punto De Venta Pos Usb 80mm Auto Cortante;99.900;
Impresora Termica Pos 80mm Np T800 Puerto De Red Incluido;93.906;
Impresora Térmica Pos 80mm Np T501 2 Años De Garantía;2.608;
Plotter Cameo 4 + Vinilo Americano Tabloide X 5 Colores Surt;1.499.000;
Impresora Terminca Pos 80mm Lan Red Rj45 Y Rj11 Col Pos ;1.509.000;
Impresora Dymo 450 Turbo Rotuladora Etiquetas Adhesivas;41.917;
Epson L120 Sublimacion +tinta Moi Coreana+100 Hojas+cinta;1.848.000;
Impresora Multifuncional Epson Ecotank L3110;51.333;
Impresora Multifuncional Hp 410 Tanque Tinta Wifi;294.900;
3nstar Rpt006 Impresora Térmica Pos Cortador 80mm Usb Lan;8.192;
Impresora Multifuncional Epson L3110 Tintas Originales Epson;380.000;
Impresora Multifucional Wifi Hp410 Sistema Original+obsequio;10.556;
Cabezal | Hp | 711 | Plotter |t520 | C1q10a | Original |t120;41.639;
Impresora  multifunción Epson EcoTank M3170 con wifi blanca y negra 220V;1.150.000;
Impresora Pos Termica 80mm Xprinter Corte Automa. + 5 Rollos;31.944;
Silhouette Cameo 4 Plotter De Corte Combo Total Con Garantía;1.650.000;
Silhouette Cameo 4+ Accesorios Completos+vinilos Medellín;137.500;
Silhouette Cameo 4 Plotter De Corte De Vinilos Textiles;329.000;
Impresora Termica Punto De Venta Pos Usb 80mm Auto Cortante;9.139;
Epson L3110/ecotank Con Tinta De Sublimación Koreana;1.499.000;
Combo Facturación Pos Impresora 80mm + Cajón Monedero + Obse;41.639;
Impresora Laser Multifuncional Canon Mf264dw Trabajo Pesado;1.499.000;
Impresora 80mm  Lector De Codigos  Cajon Monedero 5 Puestos;41.639;
Impresora  Multifuncional Monocromática  M3170 Inalámbrica;1.499.000;
Impresora Multifuncional Inalámbrica Ecotank L5190;41.639;
Impresora a color  multifunción HP Deskjet Ink Advantage 2775 con wifi blanca 100V/240V;299.000;
Multifuncional B&n Kyocera Fs M2035dn;8.306;
Impresora Hp 2375 + 1 Tinta 667 Negro + Cable Usb;659.000;
Impresora Térmica Pos 58mm Alta Velocidad, 3bumen Easyprint;18.306;
Impresora Mini Bluetooth Termica Recibos Pos Celular 58mm;489.900;
Impresora Mini Bluetooth Termica Android Ios Pos 58mm Celula;13.608;
Rollo De Cera Zebra Color Negro De 110mm X 74mts;1.132.200;
 Multifuncional Canon G2110-incluye Tinta Original ;31.450;
Impresora Térmica Sat 15tus Original Pos 58mm Nuevo;759.000;
 Hp Laser 1000w Monocromatica Con Sistema Recargable ;21.083;
Impresora Multifuncional Epson Ecotank L3110;290.900;
Impresora Térmica Pos 80mm De Alta Velocidad Con Cortadora;8.081;
Impresora Mini Bluetooth Termica Recibos Pos Celular 58mm;299.900;
Impresora Mini Bluetooth Termica Android Ios Pos 58mm Celula;8.331;
Impresora Terminca Pos 80mm Lan Red Rj45 Y Rj11 Col Pos ;550.000;
Fotocopiadora Ricoh Sp3710 Sf Multifuncion Laser 7000 ;15.278;
10 Rollos  Brother Ql 700, 800   62mm X 30metros;638.900;
Combo Facturacion Pos  Impresora 58mm Lector Cajon Monedero;17.747;
Impresora Térmica Portátil Bluetooth Pos 58mm Alta Velocidad;617.900;
Impresora Epson Ecotank L120;17.164;
Impresora Térmica Mini Bluetooth Recargable Papel 58 Mm;508.200;
Epson L3210 Impresora Multifuncional 3 En 1 Ecotank Escaner;14.117;
Impresora Multifuncional Epson Ecotank L3110;371.900;
Impresora Térmica Pos 80mm Np T501 2 Años De Garantía;351.900;
Multifuncional B&n Ricoh Im 430f;9.775;
Impresora Epson Eco Tank L120 Con Tinta De Sublimación;609.000;
Combo Facturacion Pos Impresora 80mm Lector Cajon Monedero;16.917;
Rollo De 5000 Etiquetas Para Joyería En Polipropileno Blanco;488.900;
Impresora Todo En Uno Hp 2375 Sin Cable Usb Sin Wifi;13.581;
Epson Surecolor F170 Impresora De Sublimación Alta Calidad;590.000;
Impresora De Sublimación De Tinta Surecolor F170 Alltransfer;16.389;
Impresora Pos 3nstar Rpt006 Termica 80mm Conexion Usb Rj45;269.900;
Impresora Hp Neverstop Laser 1000a Monocromatica;7.497;
Impresora Multifuncional Epson Ecotank L6191 Tinta Original;209.900;
Impresora Multifuncional Hp Smart Tank 519 Inalámbrica ;5.831;
Impresora Multifuncional Canon Pixma G3110 Sistema De Tinta;2.079.000;
Epson L120 Sublimacion +tinta Moi Coreana;57.750;
Impresora  Multifunción Epson Ecotank L5190  Wifi  110v/220v;1.382.900;
Impresora Multi. Brother Dcp - T420w Con  Wifi;38.414;
Epson L3110/ecotank Con Tinta De Sublimación Koreana;390.000;
Impresora Todo En Uno Hp 2375 Sin Cable Usb Sin Wifi;10.833;
Impresora Sublimación F170 Nuevo Equipo Epson ;2.541.840;
Impresora Multifunción Hp Laser Mfp 135w;70.607;
Impresora Epson L5190 Sistema Continuo Ecotank (wifi Y Fax) ;251.200;
Impresora Surecolor F170 Para Sublimación Dist. Autorizados ;6.978;
Impresora Pos Térmica Xprinter 80mm + Rollo Inicio;116.900;
Impresora De Carnets Pvc Smart 210 Gar.2 Años Res300x1200dpi;9.742;
Impresora Hp 2375 +tinta 667 Negro+tinta 667 Color+cable Usb;209.900;
Laminadora Minc 12  De Heidi Swapp;5.831;
Impresora Bluetooth Recargable 80mm Android Pos Portátil ;218.405;
Plotter De Corte Brother Cm350e Importado Alltransfer;6.067;
Impresora Bluetooth Recargable 80mm Portátil Android Pos;37.000;
Impresora Multifuncional Canon G4100 Oficio Wifi Adf;1.028;
Impresora  Multifunción Epson Ecotank L3110  100v/240v;489.900;
Impresora Termica 58mm Col Pos Usb Punto De Venta Almacenes;13.608;
Impresora Epson L3110 Multifuncional Con Factura Y Garantia;209.900;
Impresora Multifuncional Hp Ink Tank 410 Inalámbrica Tintas;5.831;
Brother Scanncut2 Cm350e Cortador 2mm Alltransferus;738.900;
Impresora Pos Termica 80mm Corte Automático;218.405;
Impresora Multifuncional Epson Wifi L3150 Tintas Originales ;6.067;
Impresora  simple función HP LaserJet Enterprise M507dn blanca 100V - 127V;299.900;
Impresora Multifuncional Epson Wf-4720/ec-4020 Sistema Tinta;8.331;
Combo Pos Impresora  58mm + Lector Codigos + Cajon Monedero;1.779.700;
Impresora Sat16t Us;49.436;
Impresora Hp Designjet T250 De 24 Pulgadas;155.000;
10 Rollos Etiquetas Brother 29mx 30 Mtrs  Brother Ql700;4.306;
Impresora Multifuncional Sisitema Tinta Original Canon G2110;644.900;
Impresora Multifuncional Canon G3160 Wifi Amplia Y Reduce;17.914;
Etiquetas Adhesivas 32x25, Impresoras Tsc, Sato, Zebra, Etc.;229.900;
Impresora  multifunción Kyocera Ecosys M2135dn blanca y negra 120V;6.386;
Impresora Tremica Portactil Bluetooth 58mm Entrega Inmediata;489.000;
Estampadora 8 En + 1 Epson L3110 + Obsequio De Insumos Usa;20.525;
Impresora Multifuncional Hp Laser M135w Envió Gratis;649.900;
Multifuncional Láser En B/n Canon Image Runner 1643if Wifi;610.906;
Impresora Multifunción Hp 1200nw Incluye Tóner 5000 Páginas;16.970;
Impresora Multifuncional Hp Laser 135w Wifi 4zb83a;569.900;
Impresora De Etiquetas Brother Ql-800 + 1 Rollo De Stickers;15.831;
Impresora De Recibos Sat 22t Ue Pos Térmica 80mm Usb-red;1.350.000;
Impresora Multifuncional Color Epson Ecotank L3210;799.000;
Impresora a color  multifunción Brother InkBenefit Tank DCP-T420W con wifi negra 110V - 120V;589.900;
Impresora Térmica Epson Tm-t20iii Puerto Usb Y Serial;16.386;
Epson L3110 Sublimación + Tinta Moi Coreana+papel+cinta+gara;597.900;
Impresora Hp 107w Laser Wifi ;16.608;
Impresora Multifunción Epson Ecotank L3110 (nueva L3210) ;627.272;
 Epson L3110 Con Tinta Coreana Moi + Garantía Para Documento;17.424;
Impresora Mini Bluetooth Termica Recibos Pos Celular 58mm;769.900;
Impresora Térmica Sat 22t Us;21.386;
Impresora a color  simple función Epson EcoTank L120 negra 110V;359.500;
Epson L3250 Impresora Multifuncional 3 En 1 Wifi Direct;9.986;
Impresora Hp Neverstop  Laser 1200nw;560.000;
Impresora Hp Neverstop Laser 1000a Monocromatica;15.556;
Rollo De 500 Etiquetas Adhesivas 30336 53x25mm Para Dymo;659.000;
Rotuladora Dymo Letratag Lt100h  Etiquetadora Envio Hoy;18.306;
Impresora Multifuncional Pantum 6550nw  Toner Recargable;209.900;
Impresora  Sist. Original  Canon G2110 Tinta Koreana+obsequi;5.831;
Impresora  multifunción HP LaserJet Pro M428fdw con wifi blanca 110V - 127V;346.900;
Impresora Mini Bluetooth Termica Recibos Pos Celular 80mm;9.636;
Impresora Mini Bluetooth Termica Android Ios Pos 58mm Celula;475.200;
Impresora De Recibos Termica 58mm Col Pos Usb Alta Velocidad;13.200;
Impresora Sat15t Us;859.000;
Impresora Tremica Portactil Bluetooth 58mm Entrega Inmediata;789.000;
Impresora Multifuncional Hp Smart Tank 519 Inalambrica;21.917;
Pack Silhouette Cameo 4+kit Iniciación Vinilo Textil El N.1;938.900;
Impresora Termica Punto De Venta Pos Usb 80mm Auto Cortante;26.081;
Impresora  multifunción Epson EcoTank M3170 con wifi blanca y negra 100V/240V;614.100;
Impresora  multifunción Ricoh Aficio MP 301SPF gris y negra 120V;17.058;
Plotter Hp T250 De 24 Pulgadas Ideal Arquitectos, Ingenieros;19.990;
Impresora De Recibos Termica Epson Tm T20iii Pos Usb Serial;18.790;
Impresora Canon G1110 + Tinta Comestible + Papel De Arroz;1.566;
Cartucho Dymo Rotuladora  Labelmanager 160 Blanco 45013 D1;149.900;
Impresora Termica 58mm Sat 15t Us;134.910;
Impresora  simple función HP LaserJet Pro M203dw con wifi blanca 110V/220V;3.748;
Impresora Multifuncional Epson L3110, Garantia De 2 Años ;579.900;
Surecolor F170 Impresora De Sublimación Somos Distribuidores;16.108;
Epson Multifuncional Ecotank L5190 Inalambrica;494.900;
Impresora / Marquilladora Panduit Ls8eq;13.747;
Combo Impresora Pos Xprinter 58mm + 8 Rollos Térmicos ;1.999.900;
Impresora Termica Bluetooth 80mm Pos Android ;55.553;
Impresora Multifuncional Canon G2110 Tintas Originales;299.900;
Combo Completo Sublimación 8 En 1 Epson L3110 Certificado;8.331;
Impresora Hp 533 Multifuncional Smart Tank;218.405;
Impresora Canon G2110/g2100 Multifuncional + Tinta Adicional;6.067;
Impresora Multifuncional Epson L4160 Duplex Eco-tank Wifi;124.900;
Impresora Canon Multifucional G3100 Wifi Tintas Originales;3.469;
Impresora Wifi Ecotank Canon G3110 + 2 Kit Tintas Originales;179.520;
Impresora Canon G6010 Multifuncion, Incluye Impresion Duplex;4.987;
Paquete Tarjetas Pvc Caja X 500 Carnets De Zebra, Calibre 30;190.000;
Impresora Canon Selphy Cp1300 Wifi 4x6 Pulgadas 1 Año Garant;5.278;
